,Pref,Rank
$A_{1}$,0.743499668648599,1
$A_{2}$,0.5793044738671203,3
$A_{3}$,0.4983613721574158,5
$A_{4}$,0.4891810418108927,6
$A_{5}$,0.4559068280882066,7
$A_{6}$,0.4393093127072932,8
$A_{7}$,0.32820377336429013,11
$A_{8}$,0.28461230379482083,12
$A_{9}$,0.6059509627725715,2
$A_{10}$,0.4227501219976588,9
$A_{11}$,0.5201810757996451,4
$A_{12}$,0.4187795267828964,10
